user_id,username,first_name,last_name,email,ip_address,social_media_handle
1,,,,,192.168.192.126,lherring
2,jrodriguez,Jason,Rodriguez,jrodriguez@example.com,172.18.54.245,jrodriguez
3,,,,,172.19.187.181,mhanson
4,,,,,192.168.191.77,
5,mwallace,Michael,Wallace,mwallace@example.com,172.31.71.19,mwallace
6,ehayes,Eileen,Hayes,ehayes@example.net,172.24.221.226,
7,droberson,Deborah,Roberson,droberson@example.com,172.26.209.141,droberson
8,bvalenzuela,Brian,Valenzuela,bvalenzuela@example.com,192.168.185.176,
9,,,,,10.201.174.215,jjohnson
10,chaynes,Catherine,Haynes,chaynes@example.com,172.21.154.6,chaynes
11,btran,Beth,Tran,btran@example.net,192.168.57.86,
12,,,,,10.5.244.7,
13,,,,,172.17.165.174,
14,,,,,10.185.19.167,
15,,,,,192.168.250.196,pcrane
16,,,,,172.21.223.250,
17,,,,,172.18.218.53,ebailey
18,jward,Jennifer,Ward,jward@example.org,172.22.243.15,
19,dwhite,Daisy,White,dwhite@example.com,172.23.215.121,
20,,,,,192.168.209.134,
21,,,,,192.168.72.74,swilliams
22,,,,,172.22.127.33,
23,agreene,Amanda,Greene,agreene@example.com,172.27.112.177,agreene
24,skelley,Susan,Kelley,skelley@example.net,10.246.109.73,
25,dandrade,David,Andrade,dandrade@example.org,10.17.103.231,
26,jsmith,James,Smith,jsmith@example.net,192.168.26.194,
27,,,,,10.10.233.182,
28,,,,,192.168.166.244,
29,cvance,Chelsea,Vance,cvance@example.net,192.168.8.10,cvance
30,mschmidt,Mary,Schmidt,mschmidt@example.net,172.30.70.134,mschmidt
31,tmiller,Thomas,Miller,tmiller@example.com,172.17.69.142,tmiller
32,khodge,Kayla,Hodge,khodge@example.net,10.163.33.222,khodge
33,,,,,10.108.1.255,kvaughan
34,lrich,Lisa,Rich,lrich@example.com,172.28.40.236,lrich
35,,,,,172.25.177.79,pcarson
36,,,,,192.168.176.204,bfrench
37,rvega,Rachel,Vega,rvega@example.com,172.30.72.246,rvega
38,,,,,172.27.133.185,
39,,,,,172.19.95.51,wrobinson
40,,,,,172.23.5.117,dvazquez
41,,,,,10.130.164.103,jkim
42,,,,,192.168.178.215,asanders
43,,,,,10.165.252.162,sallen
44,,,,,192.168.13.32,
45,,,,,10.23.159.114,cdavis
46,,,,,192.168.90.69,gphillips
47,jbennett,Jared,Bennett,jbennett@example.net,192.168.107.110,
48,,,,,172.20.54.210,kmoreno
49,abrown,Ann,Brown,abrown@example.net,10.215.38.206,abrown
50,rmay,Robert,May,rmay@example.org,192.168.134.203,rmay
51,creilly,Christian,Reilly,creilly@example.net,192.168.107.236,
52,,,,,10.116.67.231,rflores
53,,,,,10.166.158.69,
54,jthompson,Janet,Thompson,jthompson@example.org,10.204.219.184,
55,pallison,Patrick,Allison,pallison@example.com,10.211.117.58,pallison
56,,,,,172.25.72.145,jrichardson
57,,,,,172.22.51.160,
58,bfranklin,Brittney,Franklin,bfranklin@example.com,192.168.80.151,bfranklin
59,,,,,192.168.197.158,
60,,,,,10.164.16.253,yponce
61,,,,,172.25.183.120,
62,cgallagher,Christina,Gallagher,cgallagher@example.net,172.27.7.129,cgallagher
63,,,,,192.168.96.183,cstewart
64,,,,,172.17.203.42,bsimpson
65,bbutler,Brooke,Butler,bbutler@example.org,192.168.121.60,
66,,,,,10.162.201.45,
67,,,,,10.192.14.167,
68,,,,,172.24.219.230,
69,,,,,172.29.38.44,
70,thorne,Teresa,Horne,thorne@example.org,172.24.163.185,
71,,,,,192.168.125.252,mwilson
72,,,,,10.116.54.186,
73,bperkins,Brent,Perkins,bperkins@example.com,172.17.203.27,
74,,,,,192.168.234.12,
75,,,,,192.168.185.145,
76,,,,,192.168.172.157,kstevens
77,,,,,10.8.16.2,vjenkins
78,zroberts,Zachary,Roberts,zroberts@example.net,10.142.117.61,zroberts
79,cgardner,Christine,Gardner,cgardner@example.com,192.168.52.22,
80,,,,,192.168.189.132,
81,sadams,Sean,Adams,sadams@example.com,172.23.82.199,
82,,,,,172.24.32.45,sclarke
83,rjackson,Ryan,Jackson,rjackson@example.net,192.168.56.251,rjackson
84,awalker,Angela,Walker,awalker@example.com,192.168.191.90,
85,dyoung,Daniel,Young,dyoung@example.net,172.17.183.180,dyoung
86,,,,,10.181.121.26,
87,tgraves,Tanya,Graves,tgraves@example.net,10.218.175.16,
88,,,,,10.213.31.185,pmorales
89,,,,,10.56.35.28,jbaker
90,,,,,10.248.214.145,alane
91,,,,,10.82.9.170,sgomez
92,mray,Michele,Ray,mray@example.org,192.168.93.245,
93,,,,,10.45.26.17,nwalters
94,,,,,172.25.117.76,talvarado
95,kvillanueva,Kevin,Villanueva,kvillanueva@example.net,10.198.59.142,kvillanueva
96,npugh,Nicole,Pugh,npugh@example.net,192.168.46.70,npugh
97,dyates,Dawn,Yates,dyates@example.com,172.21.209.239,dyates
98,,,,,192.168.54.249,
99,jbradley,Julie,Bradley,jbradley@example.org,192.168.141.242,
100,,,,,10.254.168.106,charrison
101,,,,,172.31.110.210,jjohns
102,,,,,192.168.195.202,ahawkins
103,,,,,172.19.40.11,tshannon
104,,,,,172.20.180.22,lsalinas
105,,,,,10.139.0.17,kpeterson
106,,,,,172.17.109.159,mcooper
107,fwarren,Fernando,Warren,fwarren@example.net,172.29.253.248,fwarren
108,,,,,192.168.130.50,sdiaz
109,,,,,172.27.186.251,
110,,,,,192.168.183.236,
111,,,,,192.168.179.148,jweiss
112,iking,Isaiah,King,iking@example.net,10.237.74.244,iking
113,,,,,172.26.70.5,
114,klivingston,Kurt,Livingston,klivingston@example.net,192.168.65.95,klivingston
115,,,,,10.203.30.136,jpatel
116,,,,,172.20.48.248,vbell
117,,,,,192.168.201.88,sholmes
118,,,,,192.168.116.9,tli
119,,,,,192.168.141.27,
120,,,,,10.233.170.99,bparker
121,mlittle,Mikayla,Little,mlittle@example.com,172.18.239.118,mlittle
122,,,,,192.168.145.125,cbarron
123,sgarza,Sheri,Garza,sgarza@example.net,172.21.26.34,sgarza
124,rpatrick,Roger,Patrick,rpatrick@example.org,172.16.112.104,
125,rwright,Russell,Wright,rwright@example.net,10.177.91.59,
126,,,,,192.168.252.216,lmcdonald
127,gconrad,Glenn,Conrad,gconrad@example.com,192.168.6.109,
128,tchambers,Tiffany,Chambers,tchambers@example.com,10.235.247.52,
129,showard,Sarah,Howard,showard@example.org,172.25.135.154,showard
130,mbowman,Martin,Bowman,mbowman@example.org,192.168.149.134,mbowman
131,amorgan,Ashley,Morgan,amorgan@example.com,10.122.251.232,amorgan
132,,,,,10.18.153.179,jmitchell
133,baustin,Bailey,Austin,baustin@example.org,172.23.1.145,baustin
134,sho,Sandra,Ho,sho@example.com,172.16.223.213,
135,bmorton,Bryan,Morton,bmorton@example.org,192.168.50.171,bmorton
136,,,,,172.29.158.82,dayala
137,,,,,192.168.139.129,djones
138,lreyes,Larry,Reyes,lreyes@example.net,10.64.70.182,lreyes
139,vrivera,Vincent,Rivera,vrivera@example.com,172.25.229.159,
140,,,,,172.25.118.100,mstokes
141,,,,,172.27.18.222,
142,mmaddox,Mike,Maddox,mmaddox@example.net,192.168.59.140,
143,,,,,10.101.89.83,mrobertson
144,mlutz,Manuel,Lutz,mlutz@example.com,172.29.143.74,
145,,,,,10.40.189.196,
146,kbrooks,Kimberly,Brooks,kbrooks@example.net,172.24.198.167,
147,,,,,192.168.233.250,
148,ereese,Erika,Reese,ereese@example.net,172.16.248.3,ereese
149,,,,,172.29.174.238,mshelton
150,,,,,192.168.216.217,ageorge
151,cschwartz,Carol,Schwartz,cschwartz@example.org,192.168.73.205,
152,nperez,Nathan,Perez,nperez@example.org,192.168.147.21,nperez
153,cesparza,Charles,Esparza,cesparza@example.org,10.29.61.28,cesparza
154,,,,,172.17.235.140,
155,,,,,10.194.249.248,mrowland
156,,,,,10.147.91.21,
157,agibson,Aaron,Gibson,agibson@example.com,192.168.139.37,agibson
158,khess,Kristina,Hess,khess@example.com,172.17.14.51,khess
159,,,,,192.168.204.92,ecarpenter
160,szimmerman,Shawn,Zimmerman,szimmerman@example.org,172.26.105.132,szimmerman
161,,,,,10.49.170.45,
162,,,,,192.168.96.114,
163,amccall,Austin,Mccall,amccall@example.org,192.168.10.77,amccall
164,,,,,10.129.37.11,wcole
165,,,,,10.169.161.229,
166,lvaldez,Lynn,Valdez,lvaldez@example.org,172.26.30.22,lvaldez
167,,,,,192.168.194.52,
168,,,,,172.20.3.179,dross
169,,,,,192.168.255.80,vbentley
170,cbautista,Crystal,Bautista,cbautista@example.net,192.168.249.212,
171,mgonzalez,Melody,Gonzalez,mgonzalez@example.org,172.28.97.140,mgonzalez
172,,,,,172.18.202.165,hboone
173,,,,,172.29.115.176,
174,ksullivan,Kendra,Sullivan,ksullivan@example.org,172.29.209.66,
175,,,,,10.169.90.188,tdaniel
176,,,,,192.168.217.208,cfleming
177,shurst,Stephen,Hurst,shurst@example.net,172.19.119.95,
178,acunningham,Abigail,Cunningham,acunningham@example.net,172.24.35.45,
179,,,,,10.135.61.84,cwatts
180,wmcmillan,William,Mcmillan,wmcmillan@example.com,10.65.156.77,
181,,,,,10.44.156.122,hmurphy
182,,,,,192.168.204.55,pwong
183,gwiggins,Gabriel,Wiggins,gwiggins@example.org,172.22.164.40,gwiggins
184,egould,Erin,Gould,egould@example.org,192.168.200.42,
185,bwells,Brandon,Wells,bwells@example.org,192.168.54.21,bwells
186,,,,,172.28.208.76,
187,,,,,172.29.116.107,ajimenez
188,,,,,10.10.223.110,
189,,,,,10.100.44.196,
190,,,,,10.230.13.197,
191,,,,,172.28.108.14,ehughes
192,,,,,10.129.132.125,
193,,,,,10.73.167.0,tkelly
194,reaton,Randy,Eaton,reaton@example.com,172.16.153.106,reaton
195,,,,,172.20.239.216,kfields
196,,,,,10.81.201.169,ddorsey
197,,,,,10.1.43.69,
198,,,,,10.57.0.76,
199,abarrett,Alexis,Barrett,abarrett@example.org,192.168.175.158,
200,salexander,Stacey,Alexander,salexander@example.net,192.168.234.103,salexander
201,,,,,10.153.7.165,jsanchez
202,llopez,Luke,Lopez,llopez@example.org,10.23.121.71,llopez
203,,,,,172.27.135.25,
204,pestes,Peter,Estes,pestes@example.com,192.168.78.243,pestes
205,,,,,10.12.39.210,
206,,,,,192.168.172.30,amartinez
207,,,,,172.25.139.0,bcollins
208,,,,,10.92.231.81,kgraham
209,amclaughlin,Alicia,Mclaughlin,amclaughlin@example.com,192.168.33.9,amclaughlin
210,,,,,10.122.38.248,dhampton
211,mgordon,Monica,Gordon,mgordon@example.net,192.168.43.5,
212,,,,,192.168.189.207,
213,gbryant,George,Bryant,gbryant@example.org,192.168.30.115,
214,,,,,172.25.163.46,mjarvis
215,,,,,192.168.216.161,rquinn
216,jhooper,Jeffery,Hooper,jhooper@example.net,172.22.72.217,jhooper
217,,,,,10.160.3.99,
218,aschultz,Anita,Schultz,aschultz@example.org,192.168.123.54,aschultz
219,,,,,192.168.206.156,lle
220,,,,,172.24.80.55,
221,jenglish,Jacqueline,English,jenglish@example.org,10.78.228.213,jenglish
222,,,,,10.238.109.251,mcruz
223,jbecker,Jillian,Becker,jbecker@example.net,192.168.38.20,jbecker
224,,,,,10.146.7.121,
225,,,,,192.168.166.220,awilliamson
226,,,,,10.209.51.65,
227,,,,,192.168.56.80,kmadden
228,,,,,192.168.213.129,rwalton
229,,,,,172.16.33.65,sgregory
230,tsims,Theresa,Sims,tsims@example.net,192.168.77.236,tsims
231,,,,,10.38.30.186,lgarcia
232,croy,Cory,Roy,croy@example.org,10.217.19.58,croy
233,gpena,Gary,Pena,gpena@example.com,172.24.245.230,
234,,,,,172.27.12.228,
235,boliver,Blake,Oliver,boliver@example.net,192.168.138.74,
236,,,,,172.27.185.114,
237,bhutchinson,Brenda,Hutchinson,bhutchinson@example.net,192.168.242.5,
238,,,,,172.30.221.55,jdixon
239,,,,,192.168.151.242,
240,amoran,Amber,Moran,amoran@example.net,10.182.247.84,
241,hclark,Harold,Clark,hclark@example.org,10.137.157.151,hclark
242,cstone,Cheyenne,Stone,cstone@example.com,10.121.109.88,cstone
243,,,,,192.168.111.2,tcoleman
244,mbeck,Melanie,Beck,mbeck@example.net,192.168.212.123,mbeck
245,rholt,Rebecca,Holt,rholt@example.net,192.168.20.84,rholt
246,lcantu,Lorraine,Cantu,lcantu@example.net,192.168.158.97,lcantu
247,staylor,Sharon,Taylor,staylor@example.com,192.168.200.99,staylor
248,,,,,172.30.95.145,sthomas
249,,,,,192.168.230.59,
250,,,,,192.168.54.173,asummers
251,kfigueroa,Krista,Figueroa,kfigueroa@example.com,192.168.194.115,kfigueroa
252,,,,,172.28.194.61,eparrish
253,,,,,10.78.102.188,sacosta
254,,,,,10.154.49.253,
255,arose,Alan,Rose,arose@example.org,172.29.215.223,arose
256,danderson,Donna,Anderson,danderson@example.org,10.250.203.139,danderson
257,,,,,192.168.3.85,
258,hglass,Heather,Glass,hglass@example.net,172.23.235.165,hglass
259,jmaynard,Jordan,Maynard,jmaynard@example.net,172.31.84.142,jmaynard
260,,,,,192.168.140.198,
261,,,,,10.131.151.31,cbooker
262,,,,,172.25.23.203,lbyrd
263,mramos,Marc,Ramos,mramos@example.com,172.19.153.245,mramos
264,ehorton,Evelyn,Horton,ehorton@example.org,10.192.255.240,
265,,,,,10.14.217.163,kscott
266,,,,,10.90.125.70,dmejia
267,fpollard,Felicia,Pollard,fpollard@example.org,172.19.38.243,
268,,,,,192.168.231.185,jhoffman
269,,,,,10.72.106.216,tgillespie
270,anewman,Alison,Newman,anewman@example.org,10.24.89.231,anewman
271,vhall,Virginia,Hall,vhall@example.net,172.19.109.28,vhall
272,,,,,172.28.243.235,tnichols
273,,,,,192.168.167.71,jrodgers
274,,,,,10.130.99.244,
275,tfoley,Tammy,Foley,tfoley@example.org,192.168.185.14,tfoley
276,,,,,192.168.157.179,jrowe
277,jcarter,Jackie,Carter,jcarter@example.com,192.168.177.84,jcarter
278,,,,,172.29.105.128,
279,,,,,172.18.34.87,adaniels
280,,,,,192.168.80.216,
281,,,,,10.65.103.68,
282,,,,,172.21.226.98,ccolon
283,rsampson,Randall,Sampson,rsampson@example.org,172.30.40.203,rsampson
284,lbaxter,Lori,Baxter,lbaxter@example.net,192.168.19.14,lbaxter
285,ddunn,Dean,Dunn,ddunn@example.com,192.168.176.87,
286,,,,,10.250.114.13,jballard
287,jduncan,Jeremiah,Duncan,jduncan@example.org,192.168.194.44,
288,isellers,Isaac,Sellers,isellers@example.com,192.168.189.31,isellers
289,,,,,10.127.10.84,
290,,,,,10.73.193.77,
291,ckemp,Cameron,Kemp,ckemp@example.net,10.7.32.63,
292,,,,,172.24.53.28,
293,,,,,192.168.85.64,olong
294,,,,,172.23.62.151,
295,,,,,172.16.130.4,kpratt
296,,,,,172.26.13.180,cnorton
297,thowell,Trevor,Howell,thowell@example.com,10.163.2.215,thowell
298,lsutton,Logan,Sutton,lsutton@example.com,172.23.141.129,lsutton
299,,,,,192.168.155.156,
300,gchase,Gene,Chase,gchase@example.com,10.62.118.15,
301,croth,Carolyn,Roth,croth@example.org,172.27.235.136,
302,sfoster,Sheila,Foster,sfoster@example.net,192.168.188.49,sfoster
303,wconley,Wayne,Conley,wconley@example.net,172.27.25.38,wconley
304,dwade,Danny,Wade,dwade@example.net,192.168.109.101,dwade
305,anavarro,Andre,Navarro,anavarro@example.org,10.140.20.50,
306,,,,,10.211.248.215,bbauer
307,,,,,172.18.140.229,alarson
308,,,,,192.168.244.7,
309,,,,,10.107.85.158,rhendricks
310,,,,,10.100.209.192,scontreras
311,,,,,172.23.233.164,tmerritt
312,,,,,172.18.152.236,
313,,,,,172.28.46.183,rlucero
314,,,,,10.109.94.35,cbaldwin
315,pvaughn,Pamela,Vaughn,pvaughn@example.org,172.16.183.195,
316,jhancock,Justin,Hancock,jhancock@example.com,10.221.177.173,jhancock
317,,,,,10.207.206.97,hcox
318,,,,,192.168.18.139,bwaters
319,,,,,192.168.34.48,rlin
320,,,,,172.18.16.234,
321,,,,,10.122.157.145,
322,,,,,192.168.87.219,kburton
323,kfarrell,Karina,Farrell,kfarrell@example.com,192.168.244.96,kfarrell
324,,,,,172.25.19.170,
325,wchurch,Wanda,Church,wchurch@example.net,192.168.109.225,wchurch
326,,,,,10.191.103.200,mwolfe
327,,,,,172.21.158.54,
328,,,,,10.7.62.96,
329,sstafford,Shelley,Stafford,sstafford@example.org,172.19.109.155,sstafford
330,,,,,10.209.216.52,
331,,,,,172.25.215.158,dpeters
332,,,,,10.55.216.132,mellis
333,,,,,10.127.144.196,
334,,,,,172.16.134.163,nferrell
335,,,,,172.30.177.75,dyu
336,,,,,172.25.157.63,
337,,,,,192.168.105.55,esandoval
338,rmccoy,Robin,Mccoy,rmccoy@example.org,10.176.41.164,rmccoy
339,,,,,172.20.251.223,lmaldonado
340,fgates,Francisco,Gates,fgates@example.net,10.63.230.69,fgates
341,,,,,172.30.115.57,mschneider
342,,,,,10.146.33.50,
343,,,,,172.30.235.76,
344,rpowers,Raymond,Powers,rpowers@example.net,172.20.58.102,rpowers
345,,,,,192.168.230.250,jhartman
346,gliu,Gina,Liu,gliu@example.org,10.151.69.100,
347,,,,,172.22.183.139,
348,,,,,172.30.88.230,vpadilla
349,arangel,Amy,Rangel,arangel@example.org,10.79.230.98,
350,,,,,10.62.229.127,cashley
351,,,,,172.22.240.89,
352,arichard,Albert,Richard,arichard@example.net,10.119.11.18,arichard
353,dguerra,Doris,Guerra,dguerra@example.org,192.168.44.219,dguerra
354,,,,,172.21.172.206,gtorres
355,,,,,192.168.242.252,
356,,,,,192.168.115.145,
357,gdavidson,Grace,Davidson,gdavidson@example.org,192.168.32.70,gdavidson
358,,,,,10.56.5.81,dgreen
359,bbarnes,Brett,Barnes,bbarnes@example.net,10.133.247.105,bbarnes
360,aharding,Ashlee,Harding,aharding@example.com,172.27.60.222,
361,gpatterson,Gilbert,Patterson,gpatterson@example.org,192.168.106.108,
362,,,,,192.168.31.120,mhicks
363,mswanson,Marco,Swanson,mswanson@example.org,10.198.120.199,mswanson
364,,,,,192.168.22.139,dali
365,kvilla,Kristy,Villa,kvilla@example.net,192.168.248.27,kvilla
366,,,,,192.168.211.70,mklein
367,mhammond,Meredith,Hammond,mhammond@example.net,10.134.105.9,mhammond
368,,,,,192.168.13.170,kwebb
369,,,,,172.28.196.25,mblevins
370,,,,,172.20.182.255,cdunlap
371,,,,,192.168.127.129,
372,,,,,10.107.134.245,opotter
373,,,,,10.153.151.235,mbowers
374,,,,,172.29.226.161,
375,wwalsh,Wendy,Walsh,wwalsh@example.com,10.35.181.195,
376,epark,Eugene,Park,epark@example.org,172.24.0.242,
377,,,,,192.168.214.130,
378,ypitts,Yolanda,Pitts,ypitts@example.com,192.168.31.104,ypitts
379,,,,,10.97.32.87,csalazar
380,,,,,192.168.47.196,npayne
381,,,,,192.168.65.30,
382,xhester,Xavier,Hester,xhester@example.net,172.21.35.21,xhester
383,,,,,192.168.240.189,
384,,,,,172.27.190.42,
385,dcordova,Drew,Cordova,dcordova@example.com,192.168.3.27,dcordova
386,,,,,192.168.141.120,trandolph
387,,,,,172.19.140.125,ljordan
388,,,,,172.21.46.135,kmcintyre
389,,,,,10.147.251.135,jblair
390,,,,,192.168.155.11,jkaiser
391,mbaird,Margaret,Baird,mbaird@example.net,172.26.199.82,
392,,,,,10.96.68.127,jcardenas
393,,,,,172.22.122.119,
394,,,,,172.31.203.150,
395,cmorrison,Colin,Morrison,cmorrison@example.net,10.129.26.250,cmorrison
396,vfuller,Victor,Fuller,vfuller@example.net,10.81.56.40,
397,,,,,172.29.9.41,edyer
398,,,,,172.28.47.63,cparsons
399,,,,,192.168.90.211,charvey
400,,,,,172.27.164.245,vneal
401,ldeleon,Leah,Deleon,ldeleon@example.com,192.168.225.226,
402,,,,,172.17.106.206,
403,,,,,192.168.74.173,
404,swillis,Sherry,Willis,swillis@example.com,192.168.73.23,swillis
405,,,,,10.102.82.36,hwatson
406,,,,,172.18.78.119,kstanley
407,,,,,192.168.116.219,
408,,,,,192.168.200.3,
409,cmcmahon,Colleen,Mcmahon,cmcmahon@example.com,172.26.48.71,
410,,,,,192.168.126.209,agrant
411,,,,,10.65.62.121,
412,dkeller,Dillon,Keller,dkeller@example.com,172.27.207.80,
413,,,,,192.168.125.91,cbuchanan
414,,,,,192.168.58.176,
415,,,,,192.168.135.18,
416,rreed,Reginald,Reed,rreed@example.org,10.167.81.0,rreed
417,,,,,10.93.63.43,wsimmons
418,ccross,Casey,Cross,ccross@example.org,10.162.149.64,ccross
419,rspence,Regina,Spence,rspence@example.com,172.22.75.229,rspence
420,,,,,10.188.186.4,
421,dhatfield,Dennis,Hatfield,dhatfield@example.org,192.168.123.177,dhatfield
422,,,,,10.112.51.101,frussell
423,smonroe,Shelly,Monroe,smonroe@example.net,10.161.21.126,
424,,,,,172.23.204.126,ksoto
425,,,,,10.206.55.178,lduffy
426,,,,,10.142.79.170,amcguire
427,,,,,10.6.229.218,
428,tschaefer,Tanner,Schaefer,tschaefer@example.net,172.29.39.47,
429,jhinton,Jeanne,Hinton,jhinton@example.org,192.168.73.80,
430,tfisher,Troy,Fisher,tfisher@example.org,10.97.158.72,
431,,,,,192.168.59.131,
432,edouglas,Ellen,Douglas,edouglas@example.org,10.191.119.231,edouglas
433,,,,,10.135.194.3,wsantana
434,strujillo,Stacie,Trujillo,strujillo@example.net,10.86.238.154,strujillo
435,kbarton,Katelyn,Barton,kbarton@example.com,192.168.93.212,
436,,,,,192.168.117.120,jmcdowell
437,dharper,Debbie,Harper,dharper@example.net,192.168.241.152,dharper
438,rshields,Ronnie,Shields,rshields@example.net,10.140.222.206,rshields
439,pcarr,Peggy,Carr,pcarr@example.com,192.168.136.135,
440,,,,,172.20.184.17,
441,,,,,172.29.28.128,rhuang
442,lmurillo,Lindsay,Murillo,lmurillo@example.com,10.2.245.27,
443,,,,,10.82.170.89,
444,sbonilla,Stefanie,Bonilla,sbonilla@example.org,172.26.54.118,sbonilla
445,cmiranda,Caroline,Miranda,cmiranda@example.net,10.166.48.124,cmiranda
446,dtodd,Duane,Todd,dtodd@example.org,10.30.199.17,dtodd
447,,,,,10.38.7.26,btownsend
448,,,,,192.168.179.124,
449,scurry,Shelby,Curry,scurry@example.org,10.70.68.39,
450,,,,,192.168.21.194,
451,,,,,192.168.143.32,ltate
452,,,,,10.248.53.155,mholland
453,,,,,10.48.1.80,jmccormick
454,,,,,172.18.183.239,sstein
455,gsingleton,Greg,Singleton,gsingleton@example.org,172.25.13.30,gsingleton
456,janthony,Jo,Anthony,janthony@example.org,10.243.130.184,
457,,,,,172.17.194.181,dlawrence
458,,,,,172.20.90.137,mwhitaker
459,,,,,172.17.231.128,
460,,,,,172.28.148.82,
461,lgarrett,Lee,Garrett,lgarrett@example.org,10.163.53.148,
462,,,,,172.31.132.142,
463,,,,,192.168.103.204,
464,nduran,Natalie,Duran,nduran@example.com,192.168.91.65,nduran
465,,,,,10.23.148.48,
466,khuff,Kara,Huff,khuff@example.net,172.30.45.125,
467,,,,,10.138.63.80,
468,,,,,10.155.178.90,ichristensen
469,jhudson,Jon,Hudson,jhudson@example.com,10.36.173.98,jhudson
470,,,,,172.29.75.184,lfarmer
471,,,,,192.168.243.122,pchristian
472,npineda,Norma,Pineda,npineda@example.org,172.22.11.214,
473,,,,,172.19.75.81,nhebert
474,jobrien,Jack,Obrien,jobrien@example.com,172.30.209.16,jobrien
475,mglenn,Mariah,Glenn,mglenn@example.org,10.150.219.157,mglenn
476,,,,,10.219.21.72,aoconnor
477,cbush,Cathy,Bush,cbush@example.com,10.82.59.192,
478,,,,,172.27.1.233,tfriedman
479,dday,Dorothy,Day,dday@example.org,10.22.13.104,
480,,,,,192.168.235.218,tdelgado
481,,,,,192.168.219.95,
482,,,,,192.168.110.230,
483,,,,,172.19.226.24,
484,mfrey,Malik,Frey,mfrey@example.org,10.157.59.183,
485,bpoole,Brianna,Poole,bpoole@example.com,10.200.55.105,bpoole
486,rcummings,Rachael,Cummings,rcummings@example.com,172.25.241.100,rcummings
487,dbolton,Darryl,Bolton,dbolton@example.com,172.28.153.79,dbolton
488,,,,,172.30.115.7,dcompton
489,,,,,192.168.208.41,jpierce
490,,,,,172.18.188.218,
491,,,,,172.27.236.13,cchavez
492,lnewton,Lucas,Newton,lnewton@example.com,172.29.218.247,lnewton
493,,,,,10.116.198.231,agray
494,,,,,10.50.187.250,
495,,,,,172.17.181.60,
496,tflynn,Tim,Flynn,tflynn@example.net,172.24.146.105,
497,,,,,172.18.1.142,
498,cwu,Cole,Wu,cwu@example.com,10.101.141.192,cwu
499,egaines,Edgar,Gaines,egaines@example.com,172.25.151.137,egaines
500,,,,,192.168.45.225,
